-- NhanVien
INSERT INTO CongTyVanChuyen.NhanVien(Cccd, HoTen, DiaChiNha, Tinh, Email, GioiTinh, NgaySinh, Luong, MatKhau, TrangThaiNv)
VALUES ('012206239210','Trần Đức Bình','12 Ngô Đức Kế, Quận 12','Hồ Chí Minh','binh@gmail.com','M','1999-03-14','15000','e7010e40c59fd8d4b0760d9bf1c43e35f09cc9fd016f07bc8384c2b605aade3f','HD');
INSERT INTO CongTyVanChuyen.NhanVien(Cccd, HoTen, DiaChiNha, Tinh, Email, GioiTinh, NgaySinh, Luong, MatKhau, TrangThaiNv)
VALUES ('012206245953','Nguyễn Ngọc Chính','12 Ngô Đức Kế, Quận 12','Hồ Chí Minh','chinh@gmail.com','M','1999-03-14','15000','a4ed29678c06986d3b2668da4e684767064fd14385c2c51fd402a3c9dade9c98','HD');
INSERT INTO CongTyVanChuyen.NhanVien(Cccd, HoTen, DiaChiNha, Tinh, Email, GioiTinh, NgaySinh, Luong, MatKhau, TrangThaiNv)
VALUES ('012206232876', 'Nguyễn Văn Chung', '05 Trần Quốc Toản, Huyện Quảng Xương', 'Thanh Hóa', 'chung@gmail.com', 'M', '2000-05-19', '12000', 'ed1f19ae96267ae162e0bc92c7f604778444cbda7f694d7e8ac31418bea86ae7', 'HD');
INSERT INTO CongTyVanChuyen.NhanVien(Cccd, HoTen, DiaChiNha, Tinh, Email, GioiTinh, NgaySinh, Luong, MatKhau, TrangThaiNv)
VALUES ('012206245678', 'Trần Đình Dũng', '25 Nguyễn Ánh, Huyện Cẩm Xuyên', 'Hà Tĩnh', 'dung@gmail.com', 'M', '1998-02-19', '10000', '2bf33dad05eb008b7610b9c89b4f3dabe96e4a58635e623382ba748891e4c71a', 'HD');
INSERT INTO CongTyVanChuyen.NhanVien(Cccd, HoTen, DiaChiNha, Tinh, Email, GioiTinh, NgaySinh, Luong, MatKhau, TrangThaiNv)
VALUES ('012206456789', 'Nguyễn Quốc Duy', '30 Lê Minh Đảo, Huyện Phú Xuân Hạ', 'Quảng Tín', 'duy@gmail.com', 'M', '2001-04-23', '13000', 'e58ff872611207784913736b428ab7423910f28ef1bbfcb353517a4afb6fa8fa', 'HD');
INSERT INTO CongTyVanChuyen.NhanVien(Cccd, HoTen, DiaChiNha, Tinh, Email, GioiTinh, NgaySinh, Luong, MatKhau, TrangThaiNv)
VALUES ('012206341234', 'Phan Thị Ánh Dương', '02 Đồng Khởi, Quận 1', 'Hồ Chí Minh', 'duong@gmail.com', 'F', '2000-12-12', '14000', '033072dc94854191ac69e2353b3ddca4c186345979a132688868a14fb3298df6', 'DX');	
INSERT INTO CongTyVanChuyen.NhanVien(Cccd, HoTen, DiaChiNha, Tinh, Email, GioiTinh, NgaySinh, Luong, MatKhau, TrangThaiNv)
VALUES ('012206289456', 'Nguyễn Văn Không Quen', '10 Trần Lãm, Quận 3', 'Hồ Chí Minh', NULL, 'M', '1990-10-10', '9000', '58e6a8e95ce1b94b9393f7533d17016b2f73f5f3978729ca19b5b86b5869af90', 'HD');
INSERT INTO CongTyVanChuyen.NhanVien(Cccd, HoTen, DiaChiNha, Tinh, Email, GioiTinh, NgaySinh, Luong, MatKhau, TrangThaiNv)
VALUES ('012206258124', 'Trần A', '20 Nguyễn Thái Học, Quận 11', 'Hồ Chí Minh', 'a@gmail.com', 'M', '1980-12-17', '9000', '7c04837eb356565e28bb14e5a1dedb240a5ac2561f8ed318c54a279fb6a9665e', 'HD');
INSERT INTO CongTyVanChuyen.NhanVien(Cccd, HoTen, DiaChiNha, Tinh, Email, GioiTinh, NgaySinh, Luong, MatKhau, TrangThaiNv)
VALUES ('012206491789', 'Trần B', '22 Nguyễn Văn Cừ, Quận 5', 'Hồ Chí Minh', NULL, 'M', '1970-05-16', '8000', '60bcad77c43c4ab9840d8aa44b6c18e692e6c8e5e4f40351561c41274f1197c8', 'HD');
INSERT INTO CongTyVanChuyen.NhanVien(Cccd, HoTen, DiaChiNha, Tinh, Email, GioiTinh, NgaySinh, Luong, MatKhau, TrangThaiNv)
VALUES ('012206239233', 'Nguyễn Thị Xuân', '16 Nguyễn Trãi, Quận Thủ Đức', 'Hồ Chí Minh', 'xuan@gmail.com', 'F', '1978-12-03', '10000', 'e115d520ab04829823d68d50a1a679caf92ab2fa87f349bea6b261288cc4dc46', 'HD');
INSERT INTO CongTyVanChuyen.NhanVien(Cccd, HoTen, DiaChiNha, Tinh, Email, GioiTinh, NgaySinh, Luong, MatKhau, TrangThaiNv)
VALUES ('012206247294', 'Nguyễn Nhân', '12 Dân Chủ, Huyện Gò Công', 'Tiền Giang', 'nhan@gmail.com', 'M', '1992-11-23', '9000', '38e49e552db2bb25844b55f39805d5f818ecf929988c386d034bee85176551eb', 'HD');
INSERT INTO CongTyVanChuyen.NhanVien(Cccd, HoTen, DiaChiNha, Tinh, Email, GioiTinh, NgaySinh, Luong, MatKhau, TrangThaiNv)
VALUES ('012206210267', 'Nguyễn Xuân Quân', '03 Ba Đình, Quận Ba Đình', 'Hà Nội', 'quan@gmail.com', 'M', '1990-04-04', '8000', '658d761f5da300da6e2ab74b7571f0045519e06eb6917d2817647aacc31341ef', 'DX');

INSERT INTO CongTyVanChuyen.DienThoaiNv VALUES (1,'0903456123');
INSERT INTO CongTyVanChuyen.DienThoaiNv VALUES (2, '0898125108');
INSERT INTO CongTyVanChuyen.DienThoaiNv VALUES (3, '0983285736');
INSERT INTO CongTyVanChuyen.DienThoaiNv VALUES (4, '0909346178');
INSERT INTO CongTyVanChuyen.DienThoaiNv VALUES (5, '0908765345');
INSERT INTO CongTyVanChuyen.DienThoaiNv VALUES (6, '0344278456');
INSERT INTO CongTyVanChuyen.DienThoaiNv VALUES (7, '0905076458');
INSERT INTO CongTyVanChuyen.DienThoaiNv VALUES (8, '0905125786');
INSERT INTO CongTyVanChuyen.DienThoaiNv VALUES (9, '0344294123');
INSERT INTO CongTyVanChuyen.DienThoaiNv VALUES (10, '0534128194');
INSERT INTO CongTyVanChuyen.DienThoaiNv VALUES (11, '0782345678');
INSERT INTO CongTyVanChuyen.DienThoaiNv VALUES (12, '0912345789');

INSERT INTO CongTyVanChuyen.NhanVienVanChuyen VALUES (7, 'C', '2019-10-10');
INSERT INTO CongTyVanChuyen.NhanVienVanChuyen VALUES (8, 'C', '2018-03-02');
INSERT INTO CongTyVanChuyen.NhanVienVanChuyen VALUES (9, 'C', '2020-01-02');
INSERT INTO CongTyVanChuyen.NhanVienVanChuyen VALUES (10, 'D', '2017-01-02');
INSERT INTO CongTyVanChuyen.NhanVienVanChuyen VALUES (11, 'E', '2018-09-08');

INSERT INTO CongTyVanChuyen.NhanVienKho(IdNvKho, LoaiNv)
VALUES (1, 'QK');
INSERT INTO CongTyVanChuyen.NhanVienKho(IdNvKho, LoaiNv)
VALUES (2, 'QK');
INSERT INTO CongTyVanChuyen.NhanVienKho(IdNvKho, LoaiNv)
VALUES (3, 'QK');
INSERT INTO CongTyVanChuyen.NhanVienKho(IdNvKho, LoaiNv)
VALUES (4, 'QK');
INSERT INTO CongTyVanChuyen.NhanVienKho(IdNvKho, LoaiNv)
VALUES (5, 'QK');

INSERT INTO CongTyVanChuyen.Kho(TenKho, Tinh, DienTich, IdQuanLy, TrangThaiKho, SucChua, SucChuaHt)
VALUES ('Linh Xuân', 'Hồ Chí Minh', '10', '1', 'HD', '20', '7');
INSERT INTO CongTyVanChuyen.Kho(TenKho, Tinh, DienTich, IdQuanLy, TrangThaiKho, SucChua, SucChuaHt)
VALUES ('Khu Chế Xuất', 'Đồng Nai', '4', '2', 'HD', '10', '9');
INSERT INTO CongTyVanChuyen.Kho(TenKho, Tinh, DienTich, IdQuanLy, TrangThaiKho, SucChua, SucChuaHt)
VALUES ('Tân An', 'Long An', '7', '3', 'HD', '15', '13');
INSERT INTO CongTyVanChuyen.Kho(TenKho, Tinh, DienTich, IdQuanLy, TrangThaiKho, SucChua, SucChuaHt)
VALUES ('Thắng Tam', 'Vũng Tàu', '6', '4', 'HD', '15', '4');
INSERT INTO CongTyVanChuyen.Kho(TenKho, Tinh, DienTich, IdQuanLy, TrangThaiKho, SucChua, SucChuaHt)
VALUES ('Chợ Gạo', 'Tiền Giang', '12', '5', 'HD', '20', '15');

UPDATE CongTyVanChuyen.NhanVienKho SET IdKhoLam = 1 WHERE (IdNvKho = 1);
UPDATE CongTyVanChuyen.NhanVienKho SET IdKhoLam = 2 WHERE (IdNvKho = 2);
UPDATE CongTyVanChuyen.NhanVienKho SET IdKhoLam = 3 WHERE (IdNvKho = 3);
UPDATE CongTyVanChuyen.NhanVienKho SET IdKhoLam = 4 WHERE (IdNvKho = 4);
UPDATE CongTyVanChuyen.NhanVienKho SET IdKhoLam = 5 WHERE (IdNvKho = 5);

INSERT INTO CongTyVanChuyen.NhanVien(IdNhanVien, Cccd, HoTen, DiaChiNha, Tinh, Email, GioiTinh, NgaySinh, Luong, MatKhau, TrangThaiNv) VALUES ('20', '012206184384', 'Ôn Như Quỳnh', '22 Kha Vạn Cân, Quận Thủ Đức', 'Hồ Chí Minh', '20@gmaii.com', 'F', '1990-11-12', '9000', 'f5ca38f748a1d6eaf726b8a42fb575c3c71f1864a8143301782de13da2d9202b', 'HD');
INSERT INTO CongTyVanChuyen.NhanVien(IdNhanVien, Cccd, HoTen, DiaChiNha, Tinh, Email, GioiTinh, NgaySinh, Luong, MatKhau, TrangThaiNv) VALUES ('21', '012206126134', 'Trần Sĩ', '25 Nguyễn Văn Trỗi, Gò Công', 'Tiền Giang', '21@gmail.com', 'M', '1992-10-03', '8000', '6f4b6612125fb3a0daecd2799dfd6c9c299424fd920f9b308110a2c1fbd8f443', 'HD');
INSERT INTO CongTyVanChuyen.NhanVien(IdNhanVien, Cccd, HoTen, DiaChiNha, Tinh, Email, GioiTinh, NgaySinh, Luong, MatKhau, TrangThaiNv) VALUES ('22', '012206190432', 'Nguyễn Thùy Chi', '2 Trần Não, Phường 2', 'Vũng Tàu', '22@gmail.com', 'F', '1991-06-05', '9000', '785f3ec7eb32f30b90cd0fcf3657d388b5ff4297f2f9716ff66e9b69c05ddd09', 'HD');
INSERT INTO CongTyVanChuyen.NhanVien(IdNhanVien, Cccd, HoTen, DiaChiNha, Tinh, Email, GioiTinh, NgaySinh, Luong, MatKhau, TrangThaiNv) VALUES ('23', '012206138194', 'Châu Đăng Khoa', '10 Hoàng Hoa Thám, Biên Hòa', 'Đồng Nai', '23@gmail.com', 'M', '1993-06-06', '10000', '535fa30d7e25dd8a49f1536779734ec8286108d115da5045d77f3b4185d8f790', 'HD');
INSERT INTO CongTyVanChuyen.NhanVien(IdNhanVien, Cccd, HoTen, DiaChiNha, Tinh, Email, GioiTinh, NgaySinh, Luong, MatKhau, TrangThaiNv) VALUES ('24', '012206873245', 'Trần Đức Minh', '12 Nguyễn Trãi, Tân An', 'Long An', '24@gmail.com', 'M', '1990-12-17', '8000', 'c2356069e9d1e79ca924378153cfbbfb4d4416b1f99d41a2940bfdb66c5319db', 'HD');
INSERT INTO CongTyVanChuyen.NhanVien(IdNhanVien, Cccd, HoTen, DiaChiNha, Tinh, Email, GioiTinh, NgaySinh, Luong, MatKhau, TrangThaiNv) VALUES ('30', '012206734126', 'Huỳnh Thành', '99 Nguyễn Ái Quốc, Quận 1', 'Hồ Chí Minh', '30@gmail.com', 'M', '1992-09-30', '7000', '624b60c58c9d8bfb6ff1886c2fd605d2adeb6ea4da576068201b6c6958ce93f4', 'HD');
INSERT INTO CongTyVanChuyen.NhanVien(IdNhanVien, Cccd, HoTen, DiaChiNha, Tinh, Email, GioiTinh, NgaySinh, Luong, MatKhau, TrangThaiNv) VALUES ('31', '012206187126', 'Huỳnh Đào', '100 Ngô Tất Tố, Gò Tây', 'Tiền Giang', '31@gmail.com', 'M', '1990-02-18', '9000', 'eb1e33e8a81b697b75855af6bfcdbcbf7cbbde9f94962ceaec1ed8af21f5a50f', 'HD');
INSERT INTO CongTyVanChuyen.NhanVien(IdNhanVien, Cccd, HoTen, DiaChiNha, Tinh, Email, GioiTinh, NgaySinh, Luong, MatKhau, TrangThaiNv) VALUES ('32', '012206984375', 'Phan Lê Tuấn Anh', '12 Lê Duẩn, Bà Rịa', 'Vũng Tàu', '32@gmail.com', 'M', '1990-04-11', '8000', 'e29c9c180c6279b0b02abd6a1801c7c04082cf486ec027aa13515e4f3884bb6b', 'HD');
INSERT INTO CongTyVanChuyen.NhanVien(IdNhanVien, Cccd, HoTen, DiaChiNha, Tinh, Email, GioiTinh, NgaySinh, Luong, MatKhau, TrangThaiNv) VALUES ('33', '012206123498', 'Lê Công Hà', '14 Võ Thị Sáu, Trảng Dài', 'Đồng Nai', '33@gmail.com', 'F', '1998-11-15', '8000', 'c6f3ac57944a531490cd39902d0f777715fd005efac9a30622d5f5205e7f6894', 'HD');
INSERT INTO CongTyVanChuyen.NhanVien(IdNhanVien, Cccd, HoTen, DiaChiNha, Tinh, Email, GioiTinh, NgaySinh, Luong, MatKhau, TrangThaiNv) VALUES ('34', '012206432987', 'Lê Minh Thư', '12 Nguyễn Thái Học, Tân An', 'Long An', '34@gmail.com', 'F', '2000-05-19', '8000', '86e50149658661312a9e0b35558d84f6c6d3da797f552a9657fe0558ca40cdef', 'HD');

INSERT INTO CongTyVanChuyen.NhanVienKho(IdNvKho, IdKhoLam, LoaiNv) VALUES ('20', '1', 'NX');
INSERT INTO CongTyVanChuyen.NhanVienKho(IdNvKho, IdKhoLam, LoaiNv) VALUES ('21', '5', 'NX');
INSERT INTO CongTyVanChuyen.NhanVienKho(IdNvKho, IdKhoLam, LoaiNv) VALUES ('22', '4', 'NX');
INSERT INTO CongTyVanChuyen.NhanVienKho(IdNvKho, IdKhoLam, LoaiNv) VALUES ('23', '2', 'NX');
INSERT INTO CongTyVanChuyen.NhanVienKho(IdNvKho, IdKhoLam, LoaiNv) VALUES ('24', '3', 'NX');
INSERT INTO CongTyVanChuyen.NhanVienKho(IdNvKho, IdKhoLam, LoaiNv) VALUES ('30', '1', 'NX');
INSERT INTO CongTyVanChuyen.NhanVienKho(IdNvKho, IdKhoLam, LoaiNv) VALUES ('31', '5', 'NX');
INSERT INTO CongTyVanChuyen.NhanVienKho(IdNvKho, IdKhoLam, LoaiNv) VALUES ('32', '4', 'NX');
INSERT INTO CongTyVanChuyen.NhanVienKho(IdNvKho, IdKhoLam, LoaiNv) VALUES ('33', '2', 'NX');
INSERT INTO CongTyVanChuyen.NhanVienKho(IdNvKho, IdKhoLam, LoaiNv) VALUES ('34', '3', 'NX');

INSERT INTO CongTyVanChuyen.PhuongTien (IdPhuongTien, BienSo, TrangThaiPt) VALUES ('200', '5451', 'HD');
INSERT INTO CongTyVanChuyen.PhuongTien (IdPhuongTien, BienSo, TrangThaiPt) VALUES ('201', '5452', 'HD');
INSERT INTO CongTyVanChuyen.PhuongTien (IdPhuongTien, BienSo, TrangThaiPt) VALUES ('202', '5453', 'HD');
INSERT INTO CongTyVanChuyen.PhuongTien (IdPhuongTien, BienSo, TrangThaiPt) VALUES ('203', '5454', 'HD');
INSERT INTO CongTyVanChuyen.PhuongTien (IdPhuongTien, BienSo, TrangThaiPt) VALUES ('204', '5455', 'HD');

INSERT INTO CongTyVanChuyen.ThongTinCuocXe (IdCuocXe, NgayDi, IdPhTien, IdNgLai, IdNgPhuLai) VALUES ('20201', '2020-11-10', '200', '7', '8');
INSERT INTO CongTyVanChuyen.ThongTinCuocXe (IdCuocXe, NgayDi, IdPhTien, IdNgLai, IdNgPhuLai) VALUES ('20202', '2020-11-11', '201', '7', '9');
INSERT INTO CongTyVanChuyen.ThongTinCuocXe (IdCuocXe, NgayDi, IdPhTien, IdNgLai, IdNgPhuLai) VALUES ('20203', '2020-11-12', '202', '8', '10');
INSERT INTO CongTyVanChuyen.ThongTinCuocXe (IdCuocXe, NgayDi, IdPhTien, IdNgLai, IdNgPhuLai) VALUES ('20204', '2020-11-13', '203', '9', '11');
INSERT INTO CongTyVanChuyen.ThongTinCuocXe (IdCuocXe, NgayDi, IdPhTien, IdNgLai, IdNgPhuLai) VALUES ('20205', '2020-11-14', '204', '11', '7');
INSERT INTO CongTyVanChuyen.ThongTinCuocXe (IdCuocXe, NgayDi, IdPhTien, IdNgLai, IdNgPhuLai) VALUES ('20206', '2020-10-10', '200', '9', '7');
INSERT INTO CongTyVanChuyen.ThongTinCuocXe (IdCuocXe, NgayDi, IdPhTien, IdNgLai, IdNgPhuLai) VALUES ('20207', '2020-10-11', '201', '8', '11');
INSERT INTO CongTyVanChuyen.ThongTinCuocXe (IdCuocXe, NgayDi, IdPhTien, IdNgLai, IdNgPhuLai) VALUES ('20208', '2020-10-12', '202', '10', '7');
INSERT INTO CongTyVanChuyen.ThongTinCuocXe (IdCuocXe, NgayDi, IdPhTien, IdNgLai, IdNgPhuLai) VALUES ('20209', '2020-10-13', '203', '11', '8');
INSERT INTO CongTyVanChuyen.ThongTinCuocXe (IdCuocXe, NgayDi, IdPhTien, IdNgLai, IdNgPhuLai) VALUES ('20210', '2020-10-14', '204', '7', '9');
INSERT INTO CongTyVanChuyen.ThongTinCuocXe (IdCuocXe, NgayDi, IdPhTien, IdNgLai, IdNgPhuLai) VALUES ('20211', '2020-11-12', '200', '7', '8');
INSERT INTO CongTyVanChuyen.ThongTinCuocXe (IdCuocXe, NgayDi, IdPhTien, IdNgLai, IdNgPhuLai) VALUES ('20212', '2020-11-13', '201', '7', '9');
INSERT INTO CongTyVanChuyen.ThongTinCuocXe (IdCuocXe, NgayDi, IdPhTien, IdNgLai, IdNgPhuLai) VALUES ('20213', '2020-11-14', '202', '8', '10');
INSERT INTO CongTyVanChuyen.ThongTinCuocXe (IdCuocXe, NgayDi, IdPhTien, IdNgLai, IdNgPhuLai) VALUES ('20214', '2020-11-15', '203', '9', '11');
INSERT INTO CongTyVanChuyen.ThongTinCuocXe (IdCuocXe, NgayDi, IdPhTien, IdNgLai, IdNgPhuLai) VALUES ('20215', '2020-11-16', '204', '9', '11');

INSERT INTO CongTyVanChuyen.CuocXeLienTinh (IdCuocXeLt, NgayDen) VALUES ('20201', '2020-11-11');
INSERT INTO CongTyVanChuyen.CuocXeLienTinh (IdCuocXeLt, NgayDen) VALUES ('20202', '2020-11-12');
INSERT INTO CongTyVanChuyen.CuocXeLienTinh (IdCuocXeLt, NgayDen) VALUES ('20203', '2020-11-13');
INSERT INTO CongTyVanChuyen.CuocXeLienTinh (IdCuocXeLt, NgayDen) VALUES ('20204', '2020-11-13');
INSERT INTO CongTyVanChuyen.CuocXeLienTinh (IdCuocXeLt, NgayDen) VALUES ('20205', '2020-11-15');

INSERT INTO CongTyVanChuyen.CuocXeNoiThanh (IdCuocXeNt, DoanhThu) VALUES ('20206', 28);
INSERT INTO CongTyVanChuyen.CuocXeNoiThanh (IdCuocXeNt, DoanhThu) VALUES ('20207', 12);
INSERT INTO CongTyVanChuyen.CuocXeNoiThanh (IdCuocXeNt, DoanhThu) VALUES ('20208', 33);
INSERT INTO CongTyVanChuyen.CuocXeNoiThanh (IdCuocXeNt, DoanhThu) VALUES ('20209', 50);
INSERT INTO CongTyVanChuyen.CuocXeNoiThanh (IdCuocXeNt, DoanhThu) VALUES ('20210', 100);
INSERT INTO CongTyVanChuyen.CuocXeNoiThanh (IdCuocXeNt, DoanhThu) VALUES ('20211', 18);
INSERT INTO CongTyVanChuyen.CuocXeNoiThanh (IdCuocXeNt, DoanhThu) VALUES ('20212', 32);
INSERT INTO CongTyVanChuyen.CuocXeNoiThanh (IdCuocXeNt, DoanhThu) VALUES ('20213', 23);
INSERT INTO CongTyVanChuyen.CuocXeNoiThanh (IdCuocXeNt, DoanhThu) VALUES ('20214', 30);
INSERT INTO CongTyVanChuyen.CuocXeNoiThanh (IdCuocXeNt, DoanhThu) VALUES ('20215', 80);

INSERT INTO CongTyVanChuyen.KhachHang (IdKhachHang, HoTen, DiaChiNha, Tinh, DienThoai) VALUES ('9001', 'Nguyễn Văn A', '2 Lý Thường Kiệt, Quận 10', 'Hồ Chí Minh', '0903218982');
INSERT INTO CongTyVanChuyen.KhachHang (IdKhachHang, HoTen, DiaChiNha, Tinh, DienThoai) VALUES ('9002', 'Nguyễn Văn B', '4 Hồ Quý Ly, Trảng Bom', 'Đồng Nai', '0905125109');
INSERT INTO CongTyVanChuyen.KhachHang (IdKhachHang, HoTen, DiaChiNha, Tinh, DienThoai) VALUES ('9003', 'Nguyễn Văn C', '5 Phạm Phú Thứ, Tân Trụ', 'Long An', '0986123456');
INSERT INTO CongTyVanChuyen.KhachHang (IdKhachHang, HoTen, DiaChiNha, Tinh, DienThoai) VALUES ('9004', 'Nguyễn Văn D', '8 Nguyễn Tỵ, Tân Thành', 'Vũng Tàu', '0902986356');
INSERT INTO CongTyVanChuyen.KhachHang (IdKhachHang, HoTen, DiaChiNha, Tinh, DienThoai) VALUES ('9005', 'Nguyễn Văn E', '10 Trần Dần, Gò Đông', 'Tiền Giang', '0892135167');
INSERT INTO CongTyVanChuyen.KhachHang (IdKhachHang, HoTen, DiaChiNha, Tinh, DienThoai) VALUES ('9006', 'Nguyễn Văn F', '13 KỲ Đồng, Quận 3', 'Hồ Chí Minh', '0909214356');
INSERT INTO CongTyVanChuyen.KhachHang (IdKhachHang, HoTen, DiaChiNha, Tinh, DienThoai) VALUES ('9007', 'Nguyễn Văn G', '16 Nguyễn Văn Điển, Hồ Bom', 'Đồng Nai', '0983216578');
INSERT INTO CongTyVanChuyen.KhachHang (IdKhachHang, HoTen, DiaChiNha, Tinh, DienThoai) VALUES ('9008', 'Nguyễn Văn H', '14 Nguyễn Đình Bảo', 'Long An ', '0987654321');
INSERT INTO CongTyVanChuyen.KhachHang (IdKhachHang, HoTen, DiaChiNha, Tinh, DienThoai) VALUES ('9009', 'Nguyễn Văn I', '20 Tự Do, Bà Rịa', 'Vũng Tàu', '0204021011');
INSERT INTO CongTyVanChuyen.KhachHang (IdKhachHang, HoTen, DiaChiNha, Tinh, DienThoai) VALUES ('9010', 'Nguyễn Văn J', '22 Núi Thành, Chợ Mới', 'Tiền Giang', '0344294197');

INSERT INTO CongTyVanChuyen.YeuCau (IdYeuCau, IdNgYc, TrangThaiYc, KhoiLuongH, LoaiH, SoH) VALUES ('1', '9001', 'HT', '2', 'Phụ Kiện', '2');
INSERT INTO CongTyVanChuyen.YeuCau (IdYeuCau, IdNgYc, TrangThaiYc, KhoiLuongH, LoaiH, SoH) VALUES ('2', '9002', 'HT', '3', 'Phụ Kiện', '1');
INSERT INTO CongTyVanChuyen.YeuCau (IdYeuCau, IdNgYc, TrangThaiYc, KhoiLuongH, LoaiH, SoH) VALUES ('3', '9003', 'HT', '4', 'Gia Dụng', '1');
INSERT INTO CongTyVanChuyen.YeuCau (IdYeuCau, IdNgYc, TrangThaiYc, KhoiLuongH, LoaiH, SoH) VALUES ('4', '9004', 'HT', '3', 'Gia Dụng', '1');
INSERT INTO CongTyVanChuyen.YeuCau (IdYeuCau, IdNgYc, TrangThaiYc, KhoiLuongH, LoaiH, SoH) VALUES ('5', '9005', 'HT', '4', 'Phụ Kiện', '1');
INSERT INTO CongTyVanChuyen.YeuCau (IdYeuCau, IdNgYc, TrangThaiYc, KhoiLuongH, LoaiH, SoH) VALUES ('6', '9001', 'HT', '5', 'Thực Phẩm', '1');
INSERT INTO CongTyVanChuyen.YeuCau (IdYeuCau, IdNgYc, TrangThaiYc, KhoiLuongH, LoaiH, SoH) VALUES ('7', '9002', 'HT', '3', 'Gia Dụng', '2');
INSERT INTO CongTyVanChuyen.YeuCau (IdYeuCau, IdNgYc, TrangThaiYc, KhoiLuongH, LoaiH, SoH) VALUES ('8', '9003', 'HT', '1', 'Thực Phẩm', '3');
INSERT INTO CongTyVanChuyen.YeuCau (IdYeuCau, IdNgYc, TrangThaiYc, KhoiLuongH, LoaiH, SoH) VALUES ('9', '9004', 'HT', '2', 'Phụ Kiện', '1');
INSERT INTO CongTyVanChuyen.YeuCau (IdYeuCau, IdNgYc, TrangThaiYc, KhoiLuongH, LoaiH, SoH) VALUES ('10', '9005', 'HT', '3', 'Gia Dụng', '1');
INSERT INTO CongTyVanChuyen.YeuCau (IdYeuCau, IdNgYc, TrangThaiYc, KhoiLuongH, LoaiH, SoH) VALUES ('11', '9002', 'ĐC', '10', 'Gia Dụng', '2');

INSERT INTO CongTyVanChuyen.KienHang (IdKienHang, TongKienHang, KhoiLuongKh) VALUES ('1', '1', '4');
INSERT INTO CongTyVanChuyen.KienHang (IdKienHang, TongKienHang, KhoiLuongKh) VALUES ('2', '1', '3');
INSERT INTO CongTyVanChuyen.KienHang (IdKienHang, TongKienHang, KhoiLuongKh) VALUES ('3', '1', '4');
INSERT INTO CongTyVanChuyen.KienHang (IdKienHang, TongKienHang, KhoiLuongKh) VALUES ('4', '1', '3');
INSERT INTO CongTyVanChuyen.KienHang (IdKienHang, TongKienHang, KhoiLuongKh) VALUES ('5', '1', '4');
INSERT INTO CongTyVanChuyen.KienHang (IdKienHang, TongKienHang, KhoiLuongKh) VALUES ('6', '1', '5');
INSERT INTO CongTyVanChuyen.KienHang (IdKienHang, TongKienHang, KhoiLuongKh) VALUES ('7', '3', '6');
INSERT INTO CongTyVanChuyen.KienHang (IdKienHang, TongKienHang, KhoiLuongKh) VALUES ('8', '1', '3');
INSERT INTO CongTyVanChuyen.KienHang (IdKienHang, TongKienHang, KhoiLuongKh) VALUES ('9', '1', '2');
INSERT INTO CongTyVanChuyen.KienHang (IdKienHang, TongKienHang, KhoiLuongKh) VALUES ('10', '2', '3');
INSERT INTO CongTyVanChuyen.KienHang (IdKienHang, TongKienHang, KhoiLuongKh) VALUES ('11', '2', '20');

CALL CongTyVanChuyen.insertBienBanGui('2020-11-10', 1, 20206, 9001, 9002, 4, 1);
CALL CongTyVanChuyen.insertBienBanGui('2020-11-10', 2, 20206, 9004, 9003, 4, 1);
CALL CongTyVanChuyen.insertThongTinXuat(5, 1, 1, 2, 20, 20201, @idThongTin);
INSERT INTO CongTyVanChuyen.KienHangNx VALUES(@idThongTin, 1);
INSERT INTO CongTyVanChuyen.KienHangNx VALUES(@idThongTin, 2);
CALL CongTyVanChuyen.insertThongTinNhap(5, 1, 1, 2, 20, 20201, 21, @idThongTin);
INSERT INTO CongTyVanChuyen.KienHangNx VALUES(@idThongTin, 1);
INSERT INTO CongTyVanChuyen.KienHangNx VALUES(@idThongTin, 2);
CALL CongTyVanChuyen.insertBienBanNhan('2020-11-10', 1, 20207, 9001, 9002, 5, 4, '2020-11-11', 2);
CALL CongTyVanChuyen.insertBienBanNhan('2020-11-10', 2, 20207, 9004, 9003, 5, 4, '2020-11-11', 2);

CALL CongTyVanChuyen.insertBienBanGui('2020-11-12', 3, 20208, 9003, 9004, 5, 2);
CALL CongTyVanChuyen.insertBienBanGui('2020-11-12', 4, 20208, 9002, 9005, 5, 2);
CALL CongTyVanChuyen.insertThongTinXuat(6, 1, 2, 3, 22, 20201, @idThongTin);
INSERT INTO CongTyVanChuyen.KienHangNx VALUES(@idThongTin, 3);
INSERT INTO CongTyVanChuyen.KienHangNx VALUES(@idThongTin, 4);
CALL CongTyVanChuyen.insertThongTinNhap(6, 1, 2, 3, 22, 20201, 23, @idThongTin);
INSERT INTO CongTyVanChuyen.KienHangNx VALUES(@idThongTin, 3);
INSERT INTO CongTyVanChuyen.KienHangNx VALUES(@idThongTin, 4);
CALL CongTyVanChuyen.insertBienBanNhan('2020-11-12', 3, 20209, 9003, 9004, 6, 3, '2020-11-13', 3);
CALL CongTyVanChuyen.insertBienBanNhan('2020-11-12', 4, 20209, 9002, 9005, 6, 3, '2020-11-13', 3);

CALL CongTyVanChuyen.insertBienBanGui('2020-11-13', 5, 20210, 9005, 9006, 5, 3);
CALL CongTyVanChuyen.insertBienBanGui('2020-11-13', 6, 20210, 9007, 9001, 5, 3);
CALL CongTyVanChuyen.insertThongTinXuat(5, 1, 3, 4, 22, 20201, @idThongTin);
INSERT INTO CongTyVanChuyen.KienHangNx VALUES(@idThongTin, 5);
INSERT INTO CongTyVanChuyen.KienHangNx VALUES(@idThongTin, 6);
CALL CongTyVanChuyen.insertThongTinNhap(5, 1, 3, 4, 22, 20201, 23, @idThongTin);
INSERT INTO CongTyVanChuyen.KienHangNx VALUES(@idThongTin, 5);
INSERT INTO CongTyVanChuyen.KienHangNx VALUES(@idThongTin, 6);
CALL CongTyVanChuyen.insertBienBanNhan('2020-11-12', 3, 20211, 9005, 9006, 6, 3, '2020-11-13', 4);
CALL CongTyVanChuyen.insertBienBanNhan('2020-11-12', 4, 20211, 9007, 9001, 6, 3, '2020-11-13', 4);
